PVueURL,DisrictID,Address,Name
https://ak-matsu-psv.edupoint.com,,Palmer AK 99645,Matanuska-Susitna School District
https://crane.apscc.org,,Yuma AZ 85364,Crane Schools
https://az-ypic.edupoint.com/,,Yuma AZ 85364,Yuma Private Industry Council
https://az-yesd-psv.edupoint.com/,,Yuma AZ 85364,Yuma School District #1
https://az-yuhsd-psv.edupoint.com/,,Yuma AZ 85364-7998,Yuma Union High School District
https://az-alc.edupoint.com/,,Phoenix AZ 85028,Accelerated Learning Center
https://afsd.edupoint.com,,Avondale AZ 85323,Agua Fria Union High School District
https://az-aesd63.edupoint.com/,,Aguila AZ 85320,Aguila Elementary School District #63
http://parentvue.alhambraesd.org/,,Phoenix AZ 85019,Alhambra Elementary School District
https://az-aesd7.edupoint.com/,,Alpine AZ 85920,Alpine Elementary School District #7
https://az-aa.edupoint.com/,,Phoenix AZ 85044,Ambassador Academy
https://antelope.apscc.org/,,Wellton AZ 85356,Antelope Union High School
https://synergyweb.ajusd.org,,Apache Junction AZ 85120,Apache Junction Unified School District
https://aaec.apscc.org,,Phoenix AZ 85012,Arizona Agribusiness and Equine Center (AAEC)
https://az-acyr.edupoint.com/,,Phoenix AZ 85003,Arizona Call-A-Teen Youth Resources
https://az-alp.edupoint.com/,,Phoenix AZ 85022,Arizona Language Preparatory
https://az-asa.edupoint.com/,,Phoenix AZ 85004,Arizona School for the Arts
https://az-aesd47.edupoint.com/,,Arlington AZ 85322,Arlington Elementary School District #47
https://az-aesd44.edupoint.com,,Avondale AZ 85323,Avondale Elementary School District #44
https://parents.balsz.org,,Phoenix AZ 85008,Balsz Elementary School District #31
https://az-bed.edupoint.com/,,Blue AZ 85922,Blue Elementary District
https://az-blr.edupoint.com/,,Lakeside AZ 85929,Blue Ridge Unified School District
https://bowie.apscc.org,,Bowie AZ 85605,Bowie Unified School District #14
https://az-bgcev.edupoint.com/,,Mesa AZ 85210,Boys &amp; Girls Club of the East Valley
https://az-bae.edupoint.com/,,Goodyear AZ 85338,Bradley Academy of Excellence
https://buckeye.apscc.org,,Buckeye AZ 85326,Buckeye Elementary School District #33
https://vue.buhsd.org,,Buckeye AZ 85326,Buckeye Union High School District
https://az-ced.edupoint.com/,,Black Canyon City AZ 85324,Canon Elementary District
https://parent.cartwright.k12.az.us,,Phoenix AZ 85033,Cartwright School District
https://az-cfsd16.edupoint.com,,Tucson AZ 85718,Catalina Foothills Unified School District #16
https://az-cplc-psv.edupoint.com,,Tucson AZ 85714,Chicanos Por La Causa
https://az-cplch-psv.edupoint.com,,Tucson AZ 85705,Chicanos Por La Causa Hiaki High School
https://az-cesd39.edupoint.com/,,Green Valley AZ 85614,Continental Elementary School District #39
https://az-ca.edupoint.com/,,Tempe AZ 85282,Create Academy
https://az-crsd.edupoint.com,,Phoenix AZ 85016,Creighton School District
https://az-dhcs.edupoint.com,,Glendale AZ 85306,Desert Heights Charter Schools
https://az-dscs.edupoint.com,,Tucson AZ 85712,Desert Sky Community School
https://az-ecaai.edupoint.com/,,Chandler AZ 85282,Early Career Academy Arizona Inc
https://az-ea.edupoint.com/,,Tucson AZ 85716,Ed Ahead
https://az-eesd.edupoint.com/,,Elfrida AZ 85610,Elfrida Elementary School District
https://empower.apscc.org,,Phoenix AZ 85012,Empower College Prep
https://az-eef.edupoint.com,,Tolleson AZ 85353,Estrella Educational Foundation
https://fusdaz.apscc.org,,Florence AZ 85132,Florence Unified School District No. 1
https://az-ffai.edupoint.com/,,Show Low AZ 85901,Founding Fathers Academies Inc
https://parentvue.freedomacademyaz.org/,,Phoenix AZ 85032,Freedom Academy
https://synergy.gesd32.org,,San Luis AZ 85349,Gadsden Elementary School District #32
https://ggpa.edupoint.com,,Phoenix AZ 85042,George Gervin Preparatory Academy
https://az-gila.edupoint.com,,Gila Bend AZ 85337,Gila Bend Unified School District
https://parent.gesd40.org,,Glendale AZ 85301,Glendale Elementary School District
https://StudentVUE.guhsdaz.org,,Glendale AZ 85301,Glendale Union High School District
https://az-hfs.edupoint.com,,Tucson AZ 85719,Highland Free School
https://parentvue.husd.org/,,Gilbert AZ 85295,Higley Unified School District
https://hillcrest.apscc.org,,Mesa AZ 85206,Hillcrest Academy
https://az-is.edupoint.com/,,Goodyear AZ 85338,Incito Schools
https://parents.isaacschools.org/,,Phoenix AZ 85009,Isaac Elementary School District
https://az-jsphs.edupoint.com/,,Phoenix AZ 85033,James Sandoval Preparatory High School
https://az-ksd-psv.edupoint.com,,Tempe AZ 85284,Kyrene School District
https://laveenvue.apscc.org,,Laveen AZ 85339,Laveen Elementary School District #59
https://lfpaa.edupoint.com,,Gilbert AZ 85296,Learning Foundation
https://az-lae.edupoint.com/,,Marana AZ 85743,Leman Academy of Excellence
https://az-lib.edupoint.com/,,Buckeye AZ 85326,Liberty Elementary School District
https://genesis.lesd.k12.az.us,,Litchfield Park AZ 85340,Litchfield Elementary School District
https://littleton.apscc.org,,Avondale AZ 85323,Littleton Elementary School District #65
https://genesis.maranausd.org,,Marana AZ 85653,Marana Unified School District
https://az-mcrsd-psv.edupoint.com/,,Phoenix AZ 85017,Maricopa County Regional School District
https://parentvue.musd20.org/pxp,,Maricopa AZ 85138,Maricopa Unified School District #20
https://parent.mpsaz.org,,Mesa AZ 85201-7422,Mesa Public Schools
https://az-mesd86.edupoint.com/,,Maricopa AZ 85139,Mobile Elementary School District #86
https://mohawk.apscc.org,,Roll AZ 85347,Mohawk Valley School District No. 17
https://az-mai.edupoint.com/,,Paradise Valley AZ 85253,Montessori Academy Inc
https://morenci.apscc.org,,Morenci AZ 85540,Morenci Unified School District #18
https://az-mesd.edupoint.com/,,Morristown AZ 85342-0098,Morristown Elementary School District
https://az-nscsi.edupoint.com/,,Phoenix AZ 85037,North Star Charter School Inc
https://opa.edupoint.com,,Buckeye AZ 85326,Odyssey Preparatory Academy
https://genesis.osbornnet.org/production,,Phoenix AZ 85013,Osborn School District #8
https://paloverde.apscc.org,,Palo Verde AZ 85343,Palo Verde Elementary School District
https://paloma.apscc.org,,Gila Bend AZ 85337,Paloma Elementary School Disrict
https://palominas.apscc.org,,Hereford AZ 85615,Palominas Elementary School District
https://parker.apscc.org,,Parker AZ 85344,Parker Unified School District
http://pvue.pesd92.org,,Phoenix AZ 85037,Pendergast Elementary School District
https://synergyweb.pusd11.net,,Glendale AZ 85306,Peoria Unified School District
https://az-pac.edupoint.com,,Phoenix AZ 85016,Phoenix Advantage Charter School
https://synergy.phxschools.org/,,Phoenix AZ 85006-2156,Phoenix Elementary School District #1
https://phoenixmodern.apscc.org,,Phoenix AZ 85012,Phoenix Modern Charter
https://studentvue.phoenixunion.org,,Phoenix AZ 85012,Phoenix Union High School District
https://pine.apscc.org,,Pine AZ 85544,Pine Strawberry School District #12
https://az-pps.edupoint.com,,Phoenix AZ 85033,Pioneer Preparatory School
https://plc.apscc.org,,Tolleson AZ 85353,PLC Charter Schools
https://quartzsite.apscc.org,,Ehrenberg AZ 85334,Quartzsite School District #4
https://qcsvue.apscc.org,,Queen Creek AZ 85142,Queen Creek Unified School District
https://genesis.resdonline.com,,Phoenix AZ 85043,Riverside Elementary School District
https://synergyvue.rsd66.org/pxp,,Phoenix AZ 85042,Roosevelt School District 66
https://az-sesd18.edupoint.com/,,Sacaton AZ 85147,Sacaton Elementary School District #18
https://az-sfed.edupoint.com/,,Sasabe AZ 85633,San Fernando Elementary District
https://az-scvusd.edupoint.com,,Rio Rico AZ 85648,Santa Cruz Valley Unified School District #35
https://az-scds.edupoint.com/,,Scottsdale AZ 85253,Scottsdale Country Day School
https://synergyvue.susd.org,,Phoenix AZ 85018-5420,Scottsdale Unified School District
https://sentinel.apscc.org,,Sentinel AZ 85333,Sentinel Elementary School District
https://svvue.apscc.org/,,Sierra Vista AZ 85635,Sierra Vista Unified School District
https://az-ssi.edupoint.com/,,Phoenix AZ 85042,Skyline Schools Inc
https://az-sed.edupoint.com/,,Solomon AZ 85551,Solomon Elementary District
https://az-sds.edupoint.com,,Gold Canyon AZ 85118,Sonoran Desert School
https://stdavid.apscc.org,,St. David AZ 85630,St. David Unified School District #21
https://az-sysi.edupoint.com/,,Phoenix AZ 85006,SySTEM Schools Inc
https://pxp.tanq.org/,,Tucson AZ 85749,Tanque Verde Unified School District
https://parentvue.tempeschools.org,,Tempe AZ 85282,Tempe Elementary School District
https://az-tuhsd-psv.edupoint.com,,Tempe AZ 85283,Tempe Union High School District
https://vue.thatcherud.org,,Thatcher AZ 85552,Thatcher Unified School District
https://leonagroup.apscc.org/,,Phoenix AZ 85020,The Leona Group
https://tolleson.apscc.org,,Tolleson AZ 85353,Tolleson Elementary School District #17
https://pxp.tuhsd.org,,Tolleson AZ 85353,Tolleson Union High School District
https://tombstone.apscc.org,,Tombstone AZ 85638,Tombstone Unified School District #1
https://tcds.apscc.org,,Tucson AZ 85715,Tucson Country Day School
https://student.tusd1.org,,Tucson AZ 85719,Tucson Unified School District
https://uesd.apscc.org,,Tolleson AZ 85353,Union Elementary School District
https://vista.apscc.org,,Phoenix AZ 85003,Vista College Prep
https://parentvue.wesdschools.org,,Glendale AZ 85304,Washington Elementary School District No. 6
https://az-wsst.edupoint.com/,,Phoenix AZ 85033,Western School of Science and Technology
https://az-wusd9.edupoint.com/,,Wickenburg AZ 85390,Wickenburg Unified School District #9
https://young.apscc.org,,Young AZ 85554,Young Public School
https://parentlbusd.lbschools.net,,Long Beach CA 90810,Long Beach Unified School District
https://ca-musd.edupoint.com,,Montebello CA 90640-4721,Montebello Unified School district
https://parentvue.paramount.k12.ca.us/,,Paramount CA 90723,Paramount Unified School District
https://sdhome.sdcoe.net/Alpine,,Alpine CA 91901,Alpine Union School District
https://sdhome.sdcoe.net/HeightsCharter,,Alpine CA 91901,Heights Charter School
https://sdhome.sdcoe.net/Helix,,La Mesa CA 91942,Helix Charter High School
https://sdhome.sdcoe.net/IntegrityCharter,,National City CA 91950,Integrity Charter School
https://sdhome.sdcoe.net/Jamul,,Jamul CA 91935,Jamul-Dulzura Union School District
https://nsd.edupoint.com,,National City CA 91950,National School District
https://sdhome.sdcoe.net/SouthBay,,Imperial Beach CA 91932,South Bay Union School District
https://sdhome.sdcoe.net/Bonsall,,Bonsall CA 92003,Bonsall Unified School District
https://sdhome.sdcoe.net/BorregoSprings,,Borrego Springs CA 92004-5003,Borrego Springs Unified School District
https://sdhome.sdcoe.net/Calexico,,Calexico CA 92231,Calexico Unified School District
https://sdhome.sdcoe.net/CoronadoPathways,,Coronado CA 92118,Coronado Pathways Charter School
https://sdhome.sdcoe.net/Coronado,,Coronado CA 92118,Coronado Unified School District
https://sdhome.sdcoe.net/Dehesa,,El Cajon CA 92019-2922,Dehesa School District
https://student.dsusd.us/,,La Quinta CA 92253,Desert Sands Unified School District
https://sdhome.sdcoe.net/ElCentro,,El Centro CA 92243,El Centro Elementary School District
https://sdhome.sdcoe.net/EscondidoChrt,,Escondido CA 92027,Escondido Charter High School
https://sdhome.sdcoe.net/EscondidoHigh,,Escondido CA 92027-2741,Escondido Union High School District
https://sdhome.sdcoe.net/Heber,,Heber CA 92249,Heber Elementary School District
https://sdhome.sdcoe.net/HeritageChrt,,Escondido CA 92027,Heritage Charter School
https://sdhome.sdcoe.net/Heritagedigital,,Escondido CA 92027,Heritage Digital Academy
https://sdhome.sdcoe.net/holtville,,Holtville CA 92250,Holtville USD
https://sdhome.sdcoe.net/Imperial,,Imperial CA 92251,Imperial Unified School District
https://sdhome.sdcoe.net/JulianHigh,,Julian CA 92036,Julian Union High School District
https://sdhome.sdcoe.net/Lakeside,,Lakeside CA 92040,Lakeside Union School District
https://sdhome.sdcoe.net/LiteracyFirst,,El Cajon CA 92020,Literacy First Charter Schools
https://sdsis2.sdcoe.net/magnolia,,Anaheim CA 92804,Magnolia Union ESD
https://sdhome.sdcoe.net/mccabe,,El Centro CA 92243,McCabe Elementary
https://sdhome.sdcoe.net/Mulberry,,Brawley CA 92227,Mulberry School
https://sdhome.sdcoe.net/nctt,,Vista CA 92083,North County Trade Tech High School
https://pvue.psusd.us,,Palm Springs CA 92264,Palm Springs Unified School District
https://sis.powayusd.com,,San Diego CA 92128-3406,Poway Unified School District
https://sdhome.sdcoe.net/RAI,,Rainbow CA 92028,RAI Online Charter School
https://pvue.rialto.k12.ca.us,,Rialto CA 92376,Rialto Unified School District
https://sdhome.sdcoe.net/SanMarcos,,San Marcos CA 92069,San Marcos Unified School District
https://sdhome.sdcoe.net/SanPasqualEl,,Escondido CA 92027,San Pasqual Union School District
https://sdhome.sdcoe.net/SanPasqualValley,,Winterhaven CA 92283,San Pasqual Valley Unified School District
https://sdhome.sdcoe.net/Seeley,,Seeley CA 92273,Seeley Union School District
https://sdhome.sdcoe.net/SpencerValley,,Santa Ysabel CA 92070,Spencer Valley Elementary School District
https://sdhome.sdcoe.net/Vallecitos,,Rainbow CA 92028,Vallecitos District Office
https://ca-gol.edupoint.com/,,Goleta CA 93117,Goleta Union Elementary School District
https://parentvue.hesd.k12.ca.us,,Hanford CA 93230-4029,Hanford Elementary School District
https://connect.kernhigh.org,,Bakersfield CA 93309,Kern Unified High School District
https://student.ouhsd.k12.ca.us,,Oxnard CA 93030,Oxnard Union High School District
https://genesis.pbvusd.net,,Bakersfield CA 93313,Panama-Buena Vista Union School District
https://ca-suhsd-psv.edupoint.com,,Salinas CA 93901,Salinas Union High School District
https://portal.jsd.k12.ca.us/,,Daly City CA 94015,Jefferson Elementary School District
https://genesis.juhsd.net/pxp,,Daly City CA 94015,Jefferson Union High School District
https://mesdparentvue.millbraesd.org,,Millbrae CA 94030,Millbrae School District
https://vue.newarkunified.org/PXP,,Newark CA 94560,Newark Unified School District
https://portal.sfusd.edu/,,San Francisco CA 94102,San Francisco Unified School District
https://ca-pvusd-psv.edupoint.com,,Watsonville CA 95076,Pajaro Valley Unified School District
https://ca-aesd.edupoint.com/,,Arcata CA 95521,Arcata Elementary School District
https://ca-blu.edupoint.com/,,Blue Lake CA 95525,Blue Lake Union Elementary
https://parentvue.cusdk8.org,,Cupertino CA 95014,Cupertino Union School District
https://ca-egusd-psv.edupoint.com/,,Elk Grove CA 95624,Elk Grove Unified School District
https://ca-ncsa.edupoint.com,,Nevada City CA 95959,Nevada City School of the Arts
https://ca-njuk8.edupoint.com,,Grass Valley CA 95945,Nevada County Office of Education
https://ca-nju.edupoint.com/,,Grass Valley CA 95945,Nevada Joint Union High School District
https://ca-nhu.edupoint.com,,McKinleyville CA 95519,Northern Humboldt Union High School District
https://sis.stocktonusd.net,,Stockton CA 95202,Stockton Unified School District
https://svue.psdschools.org,,Fort Collins CO 80521,Poudre School District
https://ga-mcs.edupoint.com/,,Camilla GA 31730,Mitchell County School District
https://studentvue.cobbk12.org,,Marietta GA 30060,Cobb County School District
https://synergyweb.cusd200.org,,Wheaton IL 60189,Community Unit School District 200
https://d47.edupoint.com,,Crystal Lake IL 60014,Crystal Lake Community Consolidated School District 47
https://il-dist.edupoint.com/PXP2_Login_Student.aspx,,Chicago IL 60607,Distinctive Schools
https://in-cpc-psv.edupoint.com,,Whiteland IN 46184,Clark-Pleasant Community School Corporation
https://in-flcs.edupoint.com/,,Anderson IN 46011,Frankton-Lapel Community Schools
https://synergy.warrick.k12.in.us/production,,Boonville IN 47601,Warrick County School Corporation
https://bvpo.bluevalleyk12.org,,Overland Park KS 66283,Blue Valley School District
https://parentvue.olatheschools.com,,Olathe KS 66063,Olathe Public Schools
https://studentvue.usd259.net,,Wichita KS 67202,Wichita Public Schools
https://me-bsd.edupoint.com/,,Baileyville ME 04694,Baileyville School District
https://me-bea-psv.edupoint.com,,Buxton ME 04093,RSU #6 Bonny Eagle
https://me-rsu74.edupoint.com,,North Anson ME 04958,RSU #74
https://me-wat.edupoint.com/,,Waterboro ME 04087,RSU No. 57 Waterboro
https://sisparents.hcpss.org,,ELLICOTT CITY MD 21042,Howard County Public School System
https://spportal.wcps.k12.md.us,,Hagerstown MD 21740,Washington County Public Schools
https://md-ccps-psv.edupoint.com/,,La Plata MD 20646,Charles County Public Schools
https://sisstudent.fcps.edu/SVUE,,  20170,Fairfax County Public Schools
https://portal.lcps.org,,Ashburn VA 20148,Loudoun County Public Schools
https://va-pwcps-psv.edupoint.com,,Haymarket VA 20169,Prince William County Public Schools
https://studentvue.geneseeisd.org/acs/,,Lincoln MI 48742,Alcona Community Schools
https://studentvue.geneseeisd.org/Athr,,Burton MI 48519,Atherton Community Schools
https://studentvue.geneseeisd.org/Bchr,,Flint MI 48505,Beecher Community School District
https://studentvue.geneseeisd.org/Bend,,Burton MI 48529,Bendle Public Schools
https://studentvue.geneseeisd.org/Bcaa,,Flint MI 48507,Bendle-Carman Park Academy
https://studentvue.geneseeisd.org/Btly,,Burton MI 48509,Bentley Community Schools
https://studentvue.geneseeisd.org/Carm,,Flint MI 48532,Carman-Ainsworth Community Schools
https://studentvue.geneseeisd.org/ccs,,Clarkston MI 48346,Clarkston Community Schools
https://sis.geneseeisd.org/clio,,Cilo MI 48420,Clio Area School District
https://studentvue.geneseeisd.org/Davs,,Davison MI 48423,Davison Community Schools
https://studentvue.geneseeisd.org/fent,,Fenton MI 48430,Fenton Area Public Schools
https://studentvue.geneseeisd.org/Flnt,,Flint MI 48503,Flint Community Schools
https://studentvue.geneseeisd.org/Flsh,,Flushing MI 48433,Flushing Community Schools
https://studentvue.geneseeisd.org/GASC,,Flint Township MI 48507,Genesee Career Institute
https://studentvue.geneseeisd.org/GGEC,,Flint Township MI 48502,Genesee Early College
https://studentvue.geneseeisd.org/GHSN,,Flint MI 48507,Genesee Health Safety Nutrition
https://studentvue.geneseeisd.org/GISD,,Flint MI 48507-3493,Genesee Intermediate School District (GISD)
https://studentvue.geneseeisd.org/Gens,,Genesee MI 48437,Genesee School District
https://studentvue.geneseeisd.org/GITV,,Flint MI 48507,GenNET Interactive Television
https://studentvue.geneseeisd.org/Good,,Goodrich MI 48438,Goodrich Area Schools
https://sis.geneseeisd.org/gba,,Grand Blanc MI 48439,Grand Blanc Academy
https://studentvue.geneseeisd.org/Gbcs,,Grand Blanc MI 48439,Grand Blanc Community Schools
https://pvue.gpsjackets.org/PVUE,,Greenville MI 48838,Greenville Public Schools
https://mi-hs.edupoint.com,,Franklin MI 48025,Huda School
https://mi-ibs.edupoint.com,,Allen Park MI 48101,Inter-City Baptist School
https://studentvue.geneseeisd.org/Kear,,Flint MI 48506,Kearsley Community Schools
https://studentvue.geneseeisd.org/Lkfn,,Fenton MI 48430,Lake Fenton Community Schools
https://studentvue.geneseeisd.org/Lkvl,,Otisville MI 48463,LakeVille Community Schools
http://genesis.lakewood.k12.mi.us,,Woodland MI 48897,Lakewood Public Schools
https://synergy.lansingschools.net/production/,,Lansing MI 48933,Lansing School District
http://synergy.lcisd.k12.mi.us,,Lapeer MI 48446,Lapeer County Intermediate School District
https://studentvue.geneseeisd.org/Lind,,Linden MI 48451,Linden Community Schools
studentvue.geneseeisd.org/loyola,,Detroit MI 48238,Loyola High School
https://studentvue.geneseeisd.org/Mont,,Montrose MI 48457,Montrose Community Schools
https://studentvue.geneseeisd.org/GMMC,,Flint Township MI 48503,Mott Middle College
https://studentvue.geneseeisd.org/Mtmr,,Mt Morris MI 48458,Mt. Morris Consolidated Schools
https://rcsvue.rochester.k12.mi.us/,,Rochester MI 48307,Rochester Community Schools
https://studentvue.geneseeisd.org/West,,Flint MI 48504,Westwood Heights School District
https://pvue.alpenaschools.com/aps_pvue,,Alpena MI 49707,Alpena Public Schools
https://studentvue.geneseeisd.org/esd/,,Alpena MI 49707,Alpena-Montmorency-Alcona Educational Service District
https://studentvue.geneseeisd.org/aac,,Battle Creek MI 49015,Arbor Academy
https://studentvue.geneseeisd.org/aga,,Augusta MI 49012,Augusta Academy
https://studentvue.geneseeisd.org/boc,,Burr Oak MI 49030,Burr Oak Community Schools
https://studentvue.geneseeisd.org/cscs,,Climax MI 49034,Climax-Scotts Community Schools
https://studentvue.geneseeisd.org/eva,,Kalamazoo MI 49008,Evergreen Academy
https://studentvue.geneseeisd.org/foa,,Kalamazoo MI 49048,Forest Academy
https://synergy.micase.org/gcs,,Galesburg MI 49053,Galesburg-Augusta Community Schools
https://spportal.westmihosting.com/GHPS_pxp,,Wyoming MI 49548,Godwin Heights Public Schools
http://pvue.ghaps.org/pxp,,Grand Haven MI 49417,Grand Haven Area Public Schools
http://synergyvue.grcs.org,,Grand Rapids MI 49506,Grand Rapids Christian Schools
https://family.grps.org/PXP,,Grand Rapids MI 49501,Grand Rapids Public Schools
https://studentvue.geneseeisd.org/glc,,Richland MI 49083,Gull Lake Community Schools
https://studentvue.geneseeisd.org/kam,,Kalamazoo MI 49008,Kalamazoo Area Mathematics &amp; Science Center
https://synergypvue.micase.org/kcs,,Kalamazoo MI 49008,Kalamazoo Christian School Association
https://synergypvue.kentwoodps.org,,Kentwood MI 49508,Kentwood Public Schools
https://parentvue.geneseeisd.org/lcs,,Kalamazoo MI 49008,Lakeside Charter School
https://spportal.westmihosting.com/nvps_pxp,,Grand Rapids MI 49525,Northview Public Schools
https://studentvue.geneseeisd.org/oca,,Portage MI 49024,Oakland Academy
https://studentvue.geneseeisd.org/psd,,Parchment MI 49004,Parchment School District
http://synergypvue.micase.org/pps,,Paw Paw MI 49079,Paw Paw Public Schools
https://studentvue.geneseeisd.org/rhc,,Kalamazoo MI 49006,Reformed Heritage Christian School
https://studentvue.geneseeisd.org/scs,,Schoolcraft MI 49087,Schoolcraft Community Schools
https://spportal.westmihosting.com/TCAS_PXP,,Sand Lake MI 49343,Tri-County Area Schools
https://studentvue.geneseeisd.org/wpc,,White Pigeon MI 49099,White Pigeon Community Schools
https://spportal.westmihosting.com/wps_pxp,,Wyoming MI 49519,Wyoming Public Schools
https://studentvue.geneseeisd.org/yaa,,Kalamazoo MI 49009,Youth Advancement Academy
https://SynergyPortal.anoka.k12.mn.us,,Anoka MN 55303,Anoka-Hennepin School District
https://pvue6.region1.k12.mn.us/rt4184,,Savage MN 55378,Aspen Academy
https://mn4011vue.tiescloud.net/mn4011,,Brooklyn Park MN 55443,Athlos Leadership Academy
https://rt1.region1.k12.mn.us/rt4124,,Crystal MN 55427,Beacon Academy Charter School
https://pvue7.region1.k12.mn.us/rt0286,,Brooklyn Center MN 55430,Brooklyn Center Community Schools
https://pvue5.region1.k12.mn.us/rt0191,,Burnsville MN 55337,Burnsville-Eagan-Savage School District 191
https://pvue6.region1.k12.mn.us/rt4194,,Faribault MN 55021,Cannon River STEM School
https://pvue9.region1.k12.mn.us/rt2144,,Lindstrom MN 55045,Chisago Lakes School District
https://pvue8.region1.k12.mn.us/rt0013,,Columbia Heights MN 55421,Columbia Heights Public Schools
https://pvue7.region1.k12.mn.us/rt4015,,Saint Paul MN 55130,Community of Peace Academy
https://pvue8.region1.k12.mn.us/rt4153,,St. Paul MN 55108,Dugsi Academy Charter School
https://pvue9.region1.k12.mn.us/rt2580,,Finlayson MN 55735,East Central Schools
https://pvue5.region1.k12.mn.us/rt4166,,Eveleth MN 55734,East Range Academy of Technology and Science
https://mn4235vue.tiescloud.net/mn4235,,Richfield MN 55423,Flex Academy
https://pvue6.region1.k12.mn.us/rt0831,,Forest Lake MN 55025,Forest Lake Area Schools
https://mn4192vue.tiescloud.net/mn4192,,Minneapolis MN 55411,Harvest Preparatory School
https://pvue9.region1.k12.mn.us/rt2165,,Hinckley MN 55037,Hinckley-Finlayson Public Schools
https://pvue10.region1.k12.mn.us/rt2687,,Howard Lake MN 55349,Howard Lake-Waverly-Winsted Public Schools
https://mn-id287.edupoint.com/,,Plymouth MN 55441,Intermediate District 287
https://rt1.region1.k12.mn.us/rt4118,,Otsego MN 55301,Kaleidoscope Charter School
https://mn2137vue.tiescloud.net/mn2137,,Spring Valley MN 55975,Kingsland Public Schools
https://pvue8.region1.k12.mn.us/rt0424,,Lester Prairie MN 55354,Lester Prairie Independent School District
https://mn4233vue.tiescloud.net/mn4233,,White Bear Lake MN 55110,Level Up Academy
https://pvue8.region1.k12.mn.us/rt4183,,Crystal MN 55427,Lionsgate Academy
https://pvue6.region1.k12.mn.us/rt0832,,Mahtomedi MN 55115,Mahtomedi Public Schools ISD #832
https://pvue5.region1.k12.mn.us/rt4005,,St. Paul MN 55108,Metro Deaf School
https://pvue5.region1.k12.mn.us/rt1100,,St. Paul MN 55108,Minnesota Department of Corrections
https://mn0160vue.tiescloud.net/mn0160,,Faribault MN 55021,Minnesota State Academies
https://rt2.region1.k12.mn.us/rt0332,,Mora MN 55051,Mora Public Schools
https://MN-MVPS-PSV.edupoint.com,,Shoreview MN 55126,Mounds View Public Schools
https://pvue9.region1.k12.mn.us/rt0138,,North Branch MN 55056,North Branch Area Public Schools
https://rt4.region1.k12.mn.us/rt4084,,Duluth MN 55804,North Shore Community School
https://mn4030vue.tiescloud.net/mn4030,,Brooklyn Center MN 55429,Odyssey Academy
https://pvue10.region1.k12.mn.us/rt0278,,Long Lake MN 55356,Orono Public Schools
https://MN-OAS-psv.edupoint.com,,North Maple Grove MN 55369,Osseo Area Schools
https://pvue9.region1.k12.mn.us/rt0578,,Pine City MN 55063,Pine City Public Schools
https://pvue10.region1.k12.mn.us/rt0256,,Red Wing MN 55066,Red Wing Public Schools
https://pvue8.region1.k12.mn.us/rt0280,,Richfield MN 55423,Richfield Public Schools
https://mn0196vue.tiescloud.net/mn0196,,Rosemount MN 55068,Rosemount-Apple Valley-Eagan Public Schools
https://pvue.isd623.org/,,Roseville MN 55113,Roseville Area Schools
https://pvue5.region1.k12.mn.us/rt6079,,Cambridge MN 55008,Rum River Special Education Cooperative
https://mn4087vue.tiescloud.net/mn4087,,Brooklyn Park MN 55443,SAGE Academy
https://pvue8.region1.k12.mn.us/rt4215,,St. Paul MN 55104,Sejong Academy
https://pvue8.region1.k12.mn.us/rt4038,,Minneapolis MN 55412,Sojourner Truth Academy
https://pvue10.region1.k12.mn.us/rt0006,,South St. Paul MN 55075,South St. Paul Public Schools
https://pvue8.region1.k12.mn.us/rt4162,,Minneapolis MN 55419,Southside Family Charter School
https://pvue5.region1.k12.mn.us/rt0288,,Shakopee MN 55379,SouthWest Metro Educational Cooperative
https://pvue8.region1.k12.mn.us/rt4113,,Minneapolis MN 55413,Spero Academy
https://pvue7.region1.k12.mn.us/rt4120,,Stillwater MN 55082,St. Croix Preparatory Academy
https://pvue7.region1.k12.mn.us/rt0885,,Albertville MN 55301,St. Michael-Albertville Schools
https://pvue8.region1.k12.mn.us/rt4029,,St. Paul MN 55103,St. Paul City School
https://mn4112vue.tiescloud.net/mn4112,,St. Paul MN 55102,St. Paul Conservatory for Performing Arts
https://pvue10.region1.k12.mn.us/rt4200,,St. Paul MN 55106,STEP Academy
https://vue1.tiescloud.net/mn0006,,St. Paul MN 55108,TIES - Technology and Information Educational Services
https://pvue9.region1.k12.mn.us/rt4095,,Lindstrom MN 55045,TRIO Wolf Creek Distance Learning Charter School
https://pvue10.region1.k12.mn.us/rt4078,,Minneapolis MN 55401,Twin Cities International Schools
https://pvue5.region1.k12.mn.us/rt4092,,Richfield MN 55423,Watershed High School
https://pvue5.region1.k12.mn.us/rt4228,,Woodbury MN 55125,Woodbury Leadership Academy
https://rt2.region1.k12.mn.us/rt2854,,Ada MN 56510,Ada-Borup School District
https://rt3.region1.k12.mn.us/rt0241,,Albert Lea MN 56007,Albert Lea Area Schools
https://rt4.region1.k12.mn.us/rt0206,,Alexandria MN 56308,Alexandria School District 206
https://rt1.region1.k12.mn.us/rt0261,,Ashby MN 56309,Ashby Public School
https://rt1.region1.k12.mn.us/rt0162,,Bagley MN 56621,Bagley Independent School District #162
https://rt1.region1.k12.mn.us/rt0032,,Blackduck MN 56630,Blackduck Public Schools
https://rt2.region1.k12.mn.us/rt0207,,Brandon MN 56315,Brandon-Evansville Public Schools
https://rt1.region1.k12.mn.us/rt0846,,Breckenridge MN 56520,Breckenridge Public School
https://rt3.region1.k12.mn.us/rt0852,,Campbell MN 56522,Campbell-Tintah Public Schools
https://rt3.region1.k12.mn.us/rt0771,,Chokio MN 56221,Chokio-Alberta Public Schools
https://rt3.region1.k12.mn.us/rt2311,,Clearbrook MN 56634,Clearbrook-Gonvick
https://rt2.region1.k12.mn.us/rt0592,,Climax MN 56523,Climax-Shelly School
https://rt4.region1.k12.mn.us/rt2164,,Dilworth MN 56529,Dilworth-Glyndon-Felton Public Schools (ISD# 2164)
https://rt2.region1.k12.mn.us/rt0595,,East Grand Forks MN 56721,East Grand Forks Public Schools
https://rt4.region1.k12.mn.us/rt0544,,Fergus Falls MN 56537,Fergus Falls Public Schools (ISD 544)
https://rt1.region1.k12.mn.us/rt0599,,Fertile MN 56540,Fertile-Beltrami Public School
https://rt1.region1.k12.mn.us/rt0601,,Fosston MN 56542,Fosston School District
https://rt4.region1.k12.mn.us/rt0023,,Frazee MN 56544,Frazee-Vergas Public Schools (ISD # 23)
https://rt3.region1.k12.mn.us/rt0561,,Goodridge MN 56725,Goodridge Independent School District #561
https://rt1.region1.k12.mn.us/rt2683,,Greenbush MN 56726,Greenbush Middle River School District
https://rt3.region1.k12.mn.us/rt0447,,Grygla MN 56727,Grygla Public School
https://rt3.region1.k12.mn.us/rt0264,,Herman MN 56248,Herman-Norcross Community School
https://rt1.region1.k12.mn.us/rt0036,,Kelliher MN 56650,Kelliher Public School
https://rt1.region1.k12.mn.us/rt2171,,Hallock MN 56728,Kittson Central
https://rt1.region1.k12.mn.us/rt0390,,Baudette MN 56623,Lake of the Woods Community Schools
https://rt2.region1.k12.mn.us/rt2889,,Lake Park MN 56554,Lake Park Audubon ISD 2889
https://pvue6.region1.k12.mn.us/rt2167,,Cottonwood MN 56229,Lakeview School District
https://rt3.region1.k12.mn.us/rt0356,,Lancaster MN 56735,Lancaster School District 356
https://rt1.region1.k12.mn.us/rt0306,,Laporte MN 56461,Laporte School District #306
https://rt2.region1.k12.mn.us/rt0432,,Mahnomen MN 56557,Mahnomen Public Schools
https://rt1.region1.k12.mn.us/rt0441,,Newfolden MN 56738,Marshall County Central Schools
https://rt2.region1.k12.mn.us/rt0740,,Melrose MN 56352,Melrose Public Schools
https://rt4.region1.k12.mn.us/rt0912,,Milaca MN 56353,Milaca Public Schools
https://rt2.region1.k12.mn.us/rt2149,,Glenwood MN 56334,Minnewaska Area Schools
https://rt3.region1.k12.mn.us/rt0308,,Nevis MN 56467,Nevis Public School
https://rt2.region1.k12.mn.us/rt0553,,New York Mills MN 56567,New York Mills ISD #553
https://rt3.region1.k12.mn.us/rt2215,,Twin Valley MN 56584,Norman County East Schools
https://mn0333vue.tiescloud.net/mn0333,,Ogilvie MN 56358,Ogilvie Public School District
https://rt3.region1.k12.mn.us/rt0309,,Park Rapids MN 56470,Park Rapids Area Schools
https://rt3.region1.k12.mn.us/rt0484,,Pierz MN 56364,Pierz School District 484
https://pvue7.region1.k12.mn.us/rt2689,,Pipestone MN 56164,Pipestone Area Schools
https://rt2.region1.k12.mn.us/rtRLCC,,Oklee MN 56742,Red Lake County Central Schools
https://rt1.region1.k12.mn.us/rt0038,,Red Lake MN 56671,Red Lake Schools
https://rt2.region1.k12.mn.us/rt0850,,Rothsay MN 56579,Rothsay Public Schools
https://pvue8.region1.k12.mn.us/rt2907,,Brewster MN 56119,Round Lake-Brewster Public Schools
https://rt2.region1.k12.mn.us/rt0564,,Thief River Falls MN 56701,Thief River Falls Public Schools
https://rt3.region1.k12.mn.us/rt2358,,Karlstad MN 56732,Tri-County Public School
https://rt1.region1.k12.mn.us/rt0550,,Underwood MN 56586,Underwood School District
https://rt3.region1.k12.mn.us/rt0690,,Warroad MN 56763,Warroad Public Schools
https://rt4.region1.k12.mn.us/rt2342,,Barrett MN 56311,West Central Area Schools
https://rt1.region1.k12.mn.us/rt2609,,Erskine MN 56535,Win-E-Mac School
https://mn0926.tiescloud.net/mn0926,,Moorhead MN 56563,Youth Educational Services
HTTPS://sis-psvue1.tnk12.gov/ALCS,,Alamo TN 38001,Alamo City School
HTTPS://sis-psvue1.tnk12.gov/BENCS,,Camden TN 38320,Benton County Schools
https://psv-bradford.tnk12.gov/bssd,,Bradford TN 38316,Bradford Area School District
HTTPS://sis-psvue1.tnk12.gov/CHCS,,Henderson TN 38340,Chester County Schools
HTTPS://sis-psvue1.tnk12.gov/CCS,,Alamo TN 38001,Crockett County Schools
HTTPS://sis-psvue1.tnk12.gov/DECCS,,Decaturville TN 38329,Decatur County Schools
HTTPS://sis-psvue1.tnk12.gov/DCS,,Dyersburg TN 38024,Dyer County Schools
HTTPS://sis-psvue1.tnk12.gov/DYCS,,Dyersburg TN 38024,Dyersburg City Schools
https://psv-giles.tnk12.gov/giles,,Pulaski TN 38478,Giles County School System
HTTPS://sis-psvue1.tnk12.gov/HACS,,Bolivar TN 38008,Hardeman County Schools
https://psv-hardin.tnk12.gov/hard,,Savannah TN 38372,Hardin County Schools
HTTPS://sis-psvue1.tnk12.gov/HENCS,,Lexington TN 38351,Henderson County Schools
HTTPS://sis-psvue1.tnk12.gov/HCS,,Paris TN 38242,Henry County Schools
https://psv-lake.tnk12.gov/lake,,Tiptonville TN 38079,Lake County Schools
https://sis-lexington.tnk12.gov/lcs,,Lexington TN 38351,Lexington City Schools
https://psv-maury.tnk12.gov/mau,,Columbia TN 38401,Maury County Public Schools
https://psv-mcnairy.tnk12.gov/mcn,,Selmer TN 38375,McNairy County Schools
https://psv-milan.tnk12.gov/mil,,Milan TN 38358,Milan Special School District
HTTPS://sis-psvue1.tnk12.gov/OCS,,Union City TN 38261,Obion County Schools
HTTPS://sis-psvue1.tnk12.gov/TSSD,,Trenton TN 38382,Trenton Special School District
HTTPS://sis-psvue1.tnk12.gov/VBCS,,Spencer TN 38585,Van Buren County Schools
https://psv-wayne.tnk12.gov/way,,Waynesboro TN 38485,Wayne County Schools
HTTPS://sis-psvue1.tnk12.gov/WCS,,Dresden TN 38225,Weakley County Schools
https://psv-westcarroll.tnk12.gov/wca,,Atwood TN 38220,West Carroll Special School District
https://mo-mers.edupoint.com/,,St. Louis MO 63103,MERS Goodwill
https://mo-jos.edupoint.com/,,Joplin MO 64801,Joplin Schools
https://ne-gips.edupoint.com,,Grand Island NE 68802,Grand Island Public Schools
https://synergyvue.lps.org,,Lincoln NE 68510,Lincoln Public Schools
https://mystudentlogin.aps.edu,,East Albuquerque NM 87110,Albuquerque Public Schools
https://nm-espd55.edupoint.com,,Espanola NM 87532,Espanola Public School District #55
https://nm-sms.edupoint.com/,,Springer NM 87747,Springer Municipal Schools
https://synergypvue.aps4kids.org,,Alamogordo NM 88310,Alamogordo Public Schools
https://nm-car.edupoint.com,,Carlsbad NM 88220,Carlsbad Municipal Schools
https://nm-hag.edupoint.com/,,Hagerman NM 88323,Hagerman Municipal Schools
https://parentvue.lcps.k12.nm.us,,Las Cruces NM 88001,Las Cruces Public School District
https://nm-lms.edupoint.com,,Loving NM 88256,Loving Municipal Schools
https://pvue9.region1.k12.mn.us/rt0139,,Rush City MN 88069,Rush City Public Schools
https://or-aes.edupoint.com/,,Ontario OR 97914,Annex School District
https://or-arl.edupoint.com,,Arlington OR 97812,Arlington School District
https://student-astoria.cascadetech.org/astoria,,Astoria OR 97103,Astoria School District
https://parent-athenaweston.cascadetech.org/athenaweston/,,Athena OR 97813,Athena-Weston School District
https://student-banks.cascadetech.org/banks,,Banks OR 97106,Banks School District
https://studentvue.beaverton.k12.or.us,,Beaverton OR 97006,Beaverton School District
https://sv.bend.k12.or.us,,Bend OR 97701,Bend-LaPine Schools
https://parent-burntriver.cascadetech.org/burntriver/,,Unity OR 97884,Burnt River School District 30J
https://student-camasvalley.cascadetech.org/camasvalley,,Camas Valley OR 97416-0057,Camas Valley School District 21
https://ca.cesdk12.org,,Canby OR 97013,Canby School District
https://student-centennial.cascadetech.org/centennial,,Portland OR 97236,Centennial School District
https://vue.district6.org,,Central Point OR 97502,Central Point School District No. 6
https://student-clatskanie.cascadetech.org/clatskanie,,Clatskanie OR 97016,Clatskanie School District
https://co.cesdk12.org,,Colton OR 97017,Colton School District
https://or-con.edupoint.com,,Condon OR 97823,Condon School District
https://portal.coos-bay.k12.or.us/,,Coos Bay OR 97420,Coos Bay School District
https://student-corbett.cascadetech.org/corbett,,Corbett OR 97019,Corbett School District
https://parent-cove.cascadetech.org/cove/,,Cove OR 97824,Cove School District
https://or-ccsd.edupoint.com,,Prineville OR 97754,Crook County School District
https://student-daviddouglas.cascadetech.org/daviddouglas,,Portland OR 97233,David Douglas School District
https://student-dayscreek.cascadetech.org/dayscreek,,Days Creek OR 97429,Days Creek Charter School
https://or-day.edupoint.com/,,Dayville OR 97825,Dayville School District
https://or-duf.edupoint.com,,Dufur OR 97021,Dufur School District 29
https://sv.eaglepoint.sis.k12.or.us,,Eagle Point OR 97524,Eagle Point School District 9 (Jackson County)
https://student-echo.cascadetech.org/echo,,Echo OR 97826,Echo School District
https://parent-elgin.cascadetech.org/elgin/,,Elgin OR 97827,Elgin School District
https://student-elkton.cascadetech.org/elkton,,Elkton OR 97436,Elkton Charter School #34
https://or-ent.edupoint.com,,Enterprise OR 97828,Enterprise School District
https://sv.4j.lane.edu,,Eugene OR 97402,Eugene School District 4J
https://student-forestgrove.cascadetech.org/forestgrove,,Forest Grove OR 97116,Forest Grove School District
https://or-fsd.edupoint.com,,Fossil OR 97830,Fossil School District
https://or-frcs.edupoint.com/,,Ontario OR 97914,Four Rivers Community School
https://student-gaston.cascadetech.org/gaston,,Gaston OR 97119,Gaston School District
https://gl.cesdk12.org,,Gladstone OR 97027-1450,Gladstone School District
https://student-glendale.cascadetech.org/glendale,,Glendale OR 97442,Glendale School District No 77
https://gsd.edupoint.com,,Glide OR 97443,Glide School District
https://or-grant.edupoint.com/,,Canyon City OR 97820,Grant School District  #3
https://student-gresham.cascadetech.org/gresham,,Gresham OR 97030,Gresham-Barlow School District
https://or-hcsd3.edupoint.com/,,Burns OR 97720,Harney County School District #3
https://or-hesd.edupoint.com,,Burns OR 97720,Harney Education Service District
https://parent-helix.cascadetech.org/helix/,,Helix OR 97835,Helix School District
https://myvue.cascadetech.org/hillsboro/,,Hillsboro OR 97124,Hillsboro School District
https://or-hun.edupoint.com/,,Huntington OR 97907,Huntington School District
https://parent-imbler.cascadetech.org/imbler/,,Imbler OR 97841,Imbler School District
https://parent-ione.cascadetech.org/ione/,,Ione OR 97843,Ione School District
https://student-jewell.cascadetech.org/jewell,,Seaside OR 97138,Jewell School District #8
https://or-jvsd.edupoint.com/,,Jordan Valley OR 97910-0099,Jordan Valley School District
https://or-jos.edupoint.com,,Joseph OR 97846,Joseph School District
https://student-knappa.cascadetech.org/knappa,,Astoria OR 97103,Knappa School District
https://or-lag.edupoint.com,,La Grande OR 97850,La Grande School District
https://lo.cesdk12.org,,Lake Oswego OR 97034-0070,Lake Oswego School District
https://or-lcsd.edupoint.com/,,Long Creek OR 97856,Long Creek School District
https://or-msd.edupoint.com,,Mitchell OR 97750,Mitchell School District
https://mr.cesdk12.org,,Molalla OR 97038,Molalla River School District
https://or-mosd.edupoint.com/,,Monument OR 97864,Monument School District
https://student-mesd.cascadetech.org/mesd,,Portland OR 97220,Multnomah Education Service District
https://student-neahkahnie.cascadetech.org/neahkahnie,,Rockaway Beach OR 97136,Neah-Kah-Nie School District
https://student-nestuccavalley.cascadetech.org/nestuccavalley,,Cloverdale OR 97112,Nestucca Valley School District
https://student-newberg.cascadetech.org/newberg,,Newberg OR 97132,Newberg School District
https://portal.nbend.k12.or.us,,North Bend OR 97459,North Bend School District 13
https://nc.cesdk12.org,,Milwaukie OR 97222,North Clackamas Schools
https://parent-northpowder.cascadetech.org/northpowder/,,North Powder OR 97867,North Powder School District
https://student-nwresd.cascadetech.org/nwresd,,Hillsboro OR 97124,Northwest Regional Education Service District
https://or-nsd.edupoint.com/,,Nyssa OR 97913,Nyssa School District
https://or-ont.edupoint.com/,,Ontario  97914,Ontario School District
https://oc.cesdk12.org,,Oregon City OR 97045,Oregon City School District
https://or-osd.edupoint.com,,Salem OR 97301,Oregon School for the Deaf
https://ot.cesdk12.org,,Sandy OR 97055,Oregon Trail School District
https://student-parkrose.cascadetech.org/parkrose,,Portland OR 97220,Parkrose School District
https://parent-pilotrock.cascadetech.org/pilotrock/,,Pilot Rock OR 97868,Pilot Rock School District
https://student-portland.cascadetech.org/portland,,Portland OR 97227,Portland Public Schools
https://or-pcsd.edupoint.com/,,Prairie City OR 97869,Prairie City School District
https://student-rainier.cascadetech.org/rainier,,Rainier OR 97048,Rainier School District
https://or-hi-psv.edupoint.com,,Redmond OR 97756-8426,Redmond School District
https://student-reynolds.cascadetech.org/reynolds,,Fairview OR 97024,Reynolds School District
https://student-riverdale.cascadetech.org/riverdale,,Portland OR 97219,Riverdale School District
https://student-roseburg.cascadetech.org/roseburg,,Roseburg OR 97471,Roseburg Public Schools
https://sis-portal.salkeiz.k12.or.us,,Salem OR 97305,Salem-Keizer Public Schools
https://student-scappoose.cascadetech.org/scappoose,,Scappoose OR 97056,Scappoose School District
https://student-seaside.cascadetech.org/seaside,,Seaside OR 97138,Seaside School District
https://or-scsd.edupoint.com,,Moro OR 97039,Sherman County School District
https://student-sherwood.cascadetech.org/sherwood,,Sherwood OR 97140,Sherwood School District
https://slsd.edupoint.com,,Florence OR 97439,Siuslaw School District 97J
https://student-odecharter.cascadetech.org/odecharter,,Portland OR 97239,Southwest Charter School
https://or-spray.edupoint.com,,Spray OR 97874,Spray School District
https://sv.sps.sis.k12.or.us,,Springfield OR 97477,Springfield Public Schools
https://student-sthelens.cascadetech.org/sthelens,,St. Helens OR 97051,St. Helens School District
https://student-sutherlin.cascadetech.org/sutherlin,,Sutherlin OR 97479,Sutherlin School District
https://3rivers.sis.k12.or.us/trsd,,Grants Pass OR 97527,Three Rivers School District
https://student-tigardtualatin.cascadetech.org/tigardtualatin,,Tigard OR 97223,Tigard-Tualatin School District
https://student-tillamook.cascadetech.org/tillamook,,Tillamook OR 97141,Tillamook School District
https://parent-ukiah.cascadetech.org/ukiah/,,Ukiah OR 97880,Ukiah School District 80R
https://parent-union.cascadetech.org/union/,,Union OR 97883,Union School District
https://or-val.edupoint.com/,,Vale OR 97918,Vale School District
https://student-vernonia.cascadetech.org/vernonia,,Vernonia OR 97064,Vernonia School District
https://or-wal.edupoint.com,,Wallowa OR 97885,Wallowa School District
https://student-warrentonhammond.cascadetech.org/warrentonhammond,,Warrenton OR 97146,Warrenton-Hammond School District
https://or-wdsd-psv.edupoint.com,,Winston OR 97496,Winston-Dillard School District
https://student-yamhillcarlton.cascadetech.org/yamhillcarlton,,Yamhill OR 97148,Yamhill Carlton School District
https://pvue.desd.k12.or.us/ysd/,,Yoncalla OR 97499,Yoncalla School District
https://pa-lan-psv.edupoint.com,,Lancaster PA 17603,School District of Lancaster
https://sis-psvue2.tnk12.gov/acs/,,Athens TN 37303,Athens City School District 541
HTTPS://sis-psvue2.tnk12.gov/BCS,,Cleveland TN 37311,Bradley County Schools
https://psv-coffee.tnk12.gov/cof,,Manchester TN 37355,Coffee County Schools
HTTPS://sis-psvue2.tnk12.gov/ECS,,Etowah TN 37331,Etowah City School
HTTPS://sis-psvue2.tnk12.gov/GCS,,Rutledge TN 37861,Grainger County Schools
HTTPS://sis-psvue1.tnk12.gov/MARCS,,Jasper TN 37347,Marion County Schools
https://psv-marshall.tnk12.gov/mar,,Lewisburg TN 37091,Marshall County Schools
HTTPS://sis-psvue2.tnk12.gov/MCCS,,Athens TN 37303,McMinn County Schools
HTTPS://sis-psvue2.tnk12.gov/MCS,,Decatur TN 37322,Meigs County Schools
HTTPS://sis-psvue2.tnk12.gov/MONCS,,Madisonville TN 37354,Monroe County Schools
https://psv-perry.tnk12.gov/per,,Linden TN 37096,Perry County Schools
HTTPS://sis-psvue2.tnk12.gov/PCS,,Benton TN 37307,Polk County Schools
HTTPS://sis-psvue2.tnk12.gov/RCS,,Kingston TN 37763,Roane County Schools
HTTPS://sis-psvue2.tnk12.gov/SCS,,Sweetwater TN 37874,Sweetwater City Schools
https://synergyportal.cpschools.com,,Chesapeake VA 23322,Chesapeake Public Schools
https://parentvue.ccpsnet.net/,,Chesterfield VA 23832,Chesterfield County Public Schools
https://az-ksi.edupoint.com/,,Prescott AZ 23219,Kestrel Schools Inc
https://parentvue.nn.k12.va.us,,Newport News VA 23606-3041,Newport News Public Schools
https://Synergy-web.nps.k12.va.us,,Norfolk VA 23510-2723,Norfolk Public Schools
https://secepvue.secep.net,,Norfolk VA 23502,SECEP Southeastern Cooperative Educational Programs
https://studentvue.vbcps.com,,Virginia Beach VA 23456-0038,Virginia Beach City Public Schools
https://va-wjccp-psv.edupoint.com/,,Williamsburg VA 23187,Williamsburg James City County Public Schools
https://vue.apsva.us,,Arlington VA 22207,Arlington Public Schools
https://parent.spotsylvania.k12.va.us/,,Fredericksburg VA 22407,Spotsylvania County Schools
https://psp.staffordschools.net,,Stafford VA 22554,Stafford County Public Schools
https://synergypsv.rcps.info,,Raonoke City VA 24012,Roanoke City Public Schools
https://vue.rcps.us,,Roanoke VA 24019,Roanoke County Public Schools
https://wa-bsd405-PSV.edupoint.com,,Bellevue WA 98005,Bellevue School District #405
https://grades.fwps.org,,Federal Way WA 98003,Federal Way Public Schools
https://wa-high-psv.edupoint.com,,Burien WA 98166,Highline Public Schools
https://wa-nor-psv.edupoint.com,,Bothell WA 98021,Northshore School District No. 417
https://wa-rai.edupoint.com,,Seattle WA 98168,Rainier Prep
